<TsokRequest >
      <id>82ae0227-4d58-4c75-b4cf-31e4133f6754</id>
      <fill_datetime>2021-08-23 00:00:00</fill_datetime>
      <number>09-05-00056</number>
      <edu_levels_fk>92cb00cf-aec4-4370-be86-e4122ec96322</edu_levels_fk>
      <subject_fk>7d019fd6-7ced-441e-9223-103b2817c407</subject_fk>
      <class_number>5</class_number>
      <classes_fk>711f6fdb-8c69-40ce-8f17-81aa95ac7945</classes_fk>
      <lesson_number_fk>e22d7144-b86e-af12-e217-801bfb7e2743</lesson_number_fk>
      <lesson_topic_fk>30745b00-2e43-0dd9-415d-752310cbdaa3</lesson_topic_fk>
      <study_level_fk>6355e5a8-9d09-4746-be8e-eae7349fde6e</study_level_fk>
      <lesson_type_fk>787a6960-b43b-603f-4c5e-a20fd77ebb7f</lesson_type_fk>
      <ovz_type_fk></ovz_type_fk>
      <keywords>airport, destination, arrivals, departures, gate, to land, to take off</keywords>
      <short_description>Урок по предмету "Английский язык" для 5 класса по теме "Путешествия по России и зарубежным странам  Путешествия. В аэропорту"; Комбинированный урок. На уроке предусмотрено использование следующих типов электронных образовательных материалов: "Изображение или фото", "Самостоятельная работа", "Подкасты", "Самостоятельная работа", "Самостоятельная работа", "Самостоятельная работа", "Самостоятельная работа", "Самостоятельная работа", "Самостоятельная работа".</short_description>
      <youwillknow>новую лексику по теме «В аэропорту».</youwillknow>
      <youwilllearn>ориентироваться в незнакомой обстановке; выделять главные слова в незнакомом звучащем тексте, слушать объявления в аэропорту и других местах; ориентироваться, как функционируют службы аэропорта; разговаривать с сотрудниками различных служб аэропорта</youwilllearn>  
      <author>Кауфман М. Ю (Авторский коллектив по английскому языку)</author>
      
      <BasicConcepts>
        
           <basic_concept>
             <id>d87dd48e-ab27-b640-2d47-77ee885fa370</id>
           </basic_concept>
        
      </BasicConcepts>
      
      <RequestUnits>
            <RequestUnit>
                <id>4189ec7b-c254-cf60-fad6-6eaaf2775b9c</id>
                <unit_fk>9270d4ad-5a92-4b4b-acbf-d8ae6457440f</unit_fk>
                <UnitModules>
                    <UnitModule>
                        <id>61642fc3-668c-4c76-9e1d-cba959f24908</id>
                        <number>1.1</number>
                        <module_fk>ed1bba8e-c04d-4baa-a693-04f1a9c6363e</module_fk>
                        <teacher_guidelines></teacher_guidelines>
                        <student_guide></student_guide>
                        <EomTasks>
                          <EomTask>
                              <id>4bd8cf1c-c1a7-4ffc-ad45-da973ffe1581</id>
                              <number>09-05-00056-m1.1m-17-01</number>
                              <name>Анализ изображений</name>
                              <developer></developer>
                              <recomm_minutes>3</recomm_minutes>
                              <source_list></source_list>
                              <eom_type_fk>24a931a9-05ca-1436-9e0f-83d7781bfad0</eom_type_fk>
                              <calculator_required>False</calculator_required>
                              
                                  <task_kes_fipis>
                                    
                                  </task_kes_fipis>
                              
                                  <task_ku_kes_fipis>
                                  
                                  </task_ku_kes_fipis>
                              
                                  <task_pes_fipis>
                                   
                                  </task_pes_fipis>
                              
                                  <task_pu_pes_fipis>
                                   
                                  </task_pu_pes_fipis>
                                
                                  <task_international_studies>
                                    
                                  </task_international_studies>
                                  
                                  <task_personal_results>
                                    
                                  </task_personal_results>
                                  
                                  <teacher_subjects>
                                    
                                  </teacher_subjects>
      
                                  <teacher_metasubjects>
                                    
                                  </teacher_metasubjects>
                          </EomTask>
                        
                        </EomTasks>
                      
                     </UnitModule>
                     
                    <UnitModule>
                        <id>c747832d-6be4-409d-85b1-0440c002fcdf</id>
                        <number>1.2</number>
                        <module_fk>d53d9242-5cdb-4f18-ac36-3102cc83c58b</module_fk>
                        <teacher_guidelines></teacher_guidelines>
                        <student_guide></student_guide>
                        <EomTasks>
                          <EomTask>
                              <id>8973627f-3657-4197-95d6-ed86bd25a89e</id>
                              <number>09-05-00056-m1.2m-06-01</number>
                              <name>Ответ</name>
                              <developer>Куклина М.  (Группа разработчиков контента)</developer>
                              <recomm_minutes>5</recomm_minutes>
                              <source_list></source_list>
                              <eom_type_fk>48dc086b-af94-bf63-ff3d-546f629eb664</eom_type_fk>
                              <calculator_required>False</calculator_required>
                              
                                  <task_kes_fipis>
                                    
                                  </task_kes_fipis>
                              
                                  <task_ku_kes_fipis>
                                  
                                  </task_ku_kes_fipis>
                              
                                  <task_pes_fipis>
                                   
                                  </task_pes_fipis>
                              
                                  <task_pu_pes_fipis>
                                   
                                  </task_pu_pes_fipis>
                                
                                  <task_international_studies>
                                    
                                  </task_international_studies>
                                  
                                  <task_personal_results>
                                    
                                  </task_personal_results>
                                  
                                  <teacher_subjects>
                                    
                                  </teacher_subjects>
      
                                  <teacher_metasubjects>
                                    
                                  </teacher_metasubjects>
                          </EomTask>
                        
                        </EomTasks>
                      
                     </UnitModule>
                     
                </UnitModules>
            </RequestUnit>
            <RequestUnit>
                <id>40c0ef60-b866-213d-e5da-f3c3e8a9abed</id>
                <unit_fk>a7c523f6-0a0c-49f2-a754-a42f7777494d</unit_fk>
                <UnitModules>
                    <UnitModule>
                        <id>28623a15-4c0b-4938-82ae-cc85b0dc2dea</id>
                        <number>2.1</number>
                        <module_fk>3b8b73e9-ee81-4934-9660-33a19881be91</module_fk>
                        <teacher_guidelines></teacher_guidelines>
                        <student_guide></student_guide>
                        <EomTasks>
                          <EomTask>
                              <id>6a1e6fc7-a68e-4512-aaed-a1766a85b78d</id>
                              <number>09-05-00056-m2.1m-06-01</number>
                              <name>Нахождение соответствий</name>
                              <developer>Куклина М.  (Группа разработчиков контента)</developer>
                              <recomm_minutes>5</recomm_minutes>
                              <source_list></source_list>
                              <eom_type_fk>48dc086b-af94-bf63-ff3d-546f629eb664</eom_type_fk>
                              <calculator_required>False</calculator_required>
                              
                                  <task_kes_fipis>
                                    
                                  </task_kes_fipis>
                              
                                  <task_ku_kes_fipis>
                                  
                                  </task_ku_kes_fipis>
                              
                                  <task_pes_fipis>
                                   
                                  </task_pes_fipis>
                              
                                  <task_pu_pes_fipis>
                                   
                                  </task_pu_pes_fipis>
                                
                                  <task_international_studies>
                                    
                                  </task_international_studies>
                                  
                                  <task_personal_results>
                                    
                                  </task_personal_results>
                                  
                                  <teacher_subjects>
                                    
                                  </teacher_subjects>
      
                                  <teacher_metasubjects>
                                    
                                  </teacher_metasubjects>
                          </EomTask>
                        
                          <EomTask>
                              <id>b6cc020e-2533-4fd2-b2f4-c713ef15a427</id>
                              <number>09-05-00056-m2.1m-27-01</number>
                              <name>Аудирование</name>
                              <developer></developer>
                              <recomm_minutes>5</recomm_minutes>
                              <source_list></source_list>
                              <eom_type_fk>c1bdeb7c-f7be-2221-d428-9abbbf854613</eom_type_fk>
                              <calculator_required></calculator_required>
                              
                                  <task_kes_fipis>
                                    
                                  </task_kes_fipis>
                              
                                  <task_ku_kes_fipis>
                                  
                                  </task_ku_kes_fipis>
                              
                                  <task_pes_fipis>
                                   
                                  </task_pes_fipis>
                              
                                  <task_pu_pes_fipis>
                                   
                                  </task_pu_pes_fipis>
                                
                                  <task_international_studies>
                                    
                                  </task_international_studies>
                                  
                                  <task_personal_results>
                                    
                                  </task_personal_results>
                                  
                                  <teacher_subjects>
                                    
                                  </teacher_subjects>
      
                                  <teacher_metasubjects>
                                    
                                  </teacher_metasubjects>
                          </EomTask>
                        
                        </EomTasks>
                      
                     </UnitModule>
                     
                    <UnitModule>
                        <id>16588478-e09a-4090-9b5d-2247f24accb9</id>
                        <number>2.2</number>
                        <module_fk>344ee1b8-da31-4388-a947-3a2057ba6f31</module_fk>
                        <teacher_guidelines></teacher_guidelines>
                        <student_guide></student_guide>
                        <EomTasks>
                          <EomTask>
                              <id>6ada19ef-a1eb-4d0c-8ca8-36abf1477678</id>
                              <number>09-05-00056-m2.2m-06-01</number>
                              <name>Заполнение пропусков</name>
                              <developer>Куклина М.  (Группа разработчиков контента)</developer>
                              <recomm_minutes>10</recomm_minutes>
                              <source_list></source_list>
                              <eom_type_fk>48dc086b-af94-bf63-ff3d-546f629eb664</eom_type_fk>
                              <calculator_required>False</calculator_required>
                              
                                  <task_kes_fipis>
                                    
                                  </task_kes_fipis>
                              
                                  <task_ku_kes_fipis>
                                  
                                  </task_ku_kes_fipis>
                              
                                  <task_pes_fipis>
                                   
                                  </task_pes_fipis>
                              
                                  <task_pu_pes_fipis>
                                   
                                  </task_pu_pes_fipis>
                                
                                  <task_international_studies>
                                    
                                  </task_international_studies>
                                  
                                  <task_personal_results>
                                    
                                  </task_personal_results>
                                  
                                  <teacher_subjects>
                                    
                                  </teacher_subjects>
      
                                  <teacher_metasubjects>
                                    
                                  </teacher_metasubjects>
                          </EomTask>
                        
                        </EomTasks>
                      
                     </UnitModule>
                     
                </UnitModules>
            </RequestUnit>
      </RequestUnits>  
      
    </TsokRequest>